Condition,Crop,Region,Age Group
Iron Deficiency Anemia,Iron-fortified lentils,India,Adults
Iron Deficiency Anemia,Biofortified sweet potatoes,India,Children
Iron Deficiency Anemia,Dark leafy greens,Nigeria,Elderly
Type 2 Diabetes,High-fiber barley,United States,Adults
Type 2 Diabetes,Low glycemic index millets,India,Adults
Type 2 Diabetes,Legume-rich diets,Brazil,Adults
Hypertension,Potassium-rich bananas,Nigeria,Elderly
Hypertension,Low-sodium legumes,Brazil,Children
Hypertension,Leafy vegetables,United States,Adults
